ReportId,ReporterId,TargetId,Text,Timestamp
1,1,2,"Unusual gathering near checkpoint",2025-06-09 10:15:00
2,3,4,"Suspicious package left unattended",2025-06-09 11:30:00
3,5,6,"Repeated visits to sensitive area",2025-06-09 13:45:00
4,7,8,"Strange communication via radio",2025-06-09 14:20:00
5,9,10,"Following military patrols closely",2025-06-09 16:00:00
6,2,3,"Unauthorized vehicle parked overnight",2025-06-10 08:05:00
7,4,5,"Unknown person taking photos",2025-06-10 09:10:00
8,6,7,"Attempt to access restricted area",2025-06-10 10:25:00
9,8,9,"Drone flying over base",2025-06-10 11:40:00
10,10,1,"Person loitering near entrance",2025-06-10 12:55:00
11,2,4,"Suspicious conversation overheard",2025-06-10 13:20:00
12,3,5,"Unattended bag found",2025-06-10 14:35:00
13,5,7,"Repeated phone calls to guard post",2025-06-10 15:50:00
14,7,9,"Unknown vehicle circling area",2025-06-10 17:05:00
15,9,2,"Attempted entry with fake ID",2025-06-10 18:20:00
16,1,3,"Lights seen in restricted zone",2025-06-10 19:35:00
17,4,6,"Suspicious delivery at gate",2025-06-10 20:50:00
18,6,8,"Person hiding in bushes",2025-06-10 22:05:00
19,8,10,"Strange noises near fence",2025-06-10 23:20:00
20,10,2,"Unauthorized filming detected",2025-06-11 00:35:00
21,2,5,"Repeated attempts to access server room",2025-06-11 01:50:00
22,3,6,"Unknown person asking for sensitive info",2025-06-11 03:05:00
23,5,8,"Vehicle with covered plates",2025-06-11 04:20:00
24,7,10,"Suspicious package delivered",2025-06-11 05:35:00
25,9,3,"Person following staff members",2025-06-11 06:50:00
26,1,4,"Unusual radio frequencies detected",2025-06-11 08:05:00
27,4,7,"Unauthorized drone landing",2025-06-11 09:20:00
28,6,9,"Unknown person mapping facility",2025-06-11 10:35:00
29,8,1,"Attempt to disable security camera",2025-06-11 11:50:00
30,10,5,"Suspicious vehicle parked for hours",2025-06-11 13:05:00